cidade,faturamento,quantidade_vendas,ticket_medio,participacao_faturamento
Sorocaba,1178.0,3,392.67,13.38
Santo André,795.8,3,265.27,9.04
Brasília,700.7,3,233.57,7.96
Osasco,608.3,2,304.15,6.91
Joinville,594.4,2,297.2,6.75
Niterói,582.8,2,291.4,6.62
Goiânia,512.6,3,170.87,5.82
São José dos Campos,499.1,3,166.37,5.67
Recife,465.8,3,155.27,5.29
Manaus,454.9,2,227.45,5.17
Florianópolis,416.6,2,208.3,4.73
Fortaleza,320.5,2,160.25,3.64
Porto Alegre,292.7,3,97.57,3.32
São Paulo,266.0,3,88.67,3.02
Campinas,260.6,2,130.3,2.96
Rio de Janeiro,211.1,3,70.37,2.4
Salvador,186.5,2,93.25,2.12
Belo Horizonte,172.6,3,57.53,1.96
Londrina,158.9,2,79.45,1.81
Curitiba,125.4,2,62.7,1.42
