nome,faturamento,quantidade_compras,ticket_medio,participacao_faturamento
Felipe Nunes,1178.0,3,392.67,13.38
Matheus Ribeiro,795.8,3,265.27,9.04
André Barbosa,700.7,3,233.57,7.96
Beatriz Mendes,608.3,2,304.15,6.91
Carolina Teixeira,594.4,2,297.2,6.75
Laura Gomes,582.8,2,291.4,6.62
Pedro Carvalho,512.6,3,170.87,5.82
Beatriz Rodrigues,499.1,3,166.37,5.67
Juliana Ferreira,465.8,3,155.27,5.29
Thiago Castro,454.9,2,227.45,5.17
Isabela Lima,416.6,2,208.3,4.73
Lucas Martins,320.5,2,160.25,3.64
Mariana Souza,292.7,3,97.57,3.32
Ana Silva,266.0,3,88.67,3.02
Gustavo Pereira,260.6,2,130.3,2.96
Bruno Oliveira,211.1,3,70.37,2.4
Rafael Almeida,186.5,2,93.25,2.12
Camila Santos,172.6,3,57.53,1.96
Renata Moreira,158.9,2,79.45,1.81
Daniel Costa,125.4,2,62.7,1.42
