ID,venda ID,produto ID,quantidade,preço Uni
1,1,1,1,28.90
2,1,4,2,18.90
3,1,12,1,12.90
4,2,7,2,5.89
5,2,15,1,3.29
6,2,22,2,9.49
7,2,29,1,9.90
8,3,3,2,4.79
9,3,9,1,9.90
10,4,18,3,2.49
11,4,20,1,15.90
12,4,24,2,6.99
13,4,28,1,8.99
14,5,2,2,8.49
15,5,6,1,5.49
16,5,17,2,5.99
17,6,5,3,6.99
18,6,11,2,2.79
19,6,13,1,9.99
20,6,25,2,2.99
21,7,8,1,3.99
22,7,16,2,17.90
23,7,21,3,3.49
24,8,10,2,6.49
25,8,19,1,14.90
26,8,23,2,8.90
27,8,27,1,4.29
28,9,1,2,28.90
29,9,14,1,4.49
30,9,26,2,7.49
31,9,30,1,7.90
32,10,4,1,18.90
33,10,7,3,5.89
34,10,18,2,2.49
35,11,3,2,4.79
36,11,5,1,6.99
37,11,12,2,12.90
38,11,22,1,9.49
39,12,6,2,5.49
40,12,11,1,2.79
41,12,17,2,5.99
42,12,28,2,8.99
43,13,9,1,9.90
44,13,15,3,3.29
45,13,20,1,15.90
46,13,24,2,6.99
47,14,2,1,8.49
48,14,8,2,3.99
49,14,13,1,9.99
50,15,1,2,28.90
51,15,16,1,17.90
52,15,21,2,3.49
53,15,29,1,9.90
54,16,4,2,18.90
55,16,10,1,6.49
56,16,18,2,2.49
57,16,26,1,7.49
58,17,5,1,6.99
59,17,7,2,5.89
60,17,19,2,14.90
61,17,30,1,7.90
62,18,3,2,4.79
63,18,12,1,12.90
64,18,17,3,5.99
65,18,23,1,8.90
66,19,6,2,5.49
67,19,11,2,2.79
68,19,22,1,9.49
69,19,27,2,4.29
70,20,2,1,8.49
71,20,9,2,9.90
72,20,14,1,4.49
73,20,25,3,2.99
74,20,28,1,8.99
75,21,1,1,28.90
76,21,13,2,9.99
77,21,24,1,6.99
78,22,4,2,18.90
79,22,8,1,3.99
80,22,16,1,17.90
81,22,21,2,3.49
82,23,5,2,6.99
83,23,10,1,6.49
84,23,20,2,15.90
85,23,29,1,9.90
86,24,3,1,4.79
87,24,7,2,5.89
88,24,15,2,3.29
89,24,26,1,7.49
90,25,1,2,28.90
91,25,6,1,5.49
92,25,12,2,12.90
93,25,19,1,14.90
94,25,24,2,6.99
95,26,9,1,9.90
96,26,14,2,4.49
97,26,18,3,2.49
98,27,2,2,8.49
99,27,11,1,2.79
100,27,17,2,5.99
101,27,23,1,8.90
102,28,4,1,18.90
103,28,8,2,3.99
104,28,13,1,9.99
105,28,28,2,8.99
106,29,5,2,6.99
107,29,16,1,17.90
108,29,21,3,3.49
109,29,30,1,7.90
110,30,3,1,4.79
111,30,10,2,6.49
112,30,20,1,15.90
113,30,25,2,2.99
114,31,1,2,28.90
115,31,7,1,5.89
116,31,12,1,12.90
117,31,22,2,9.49
118,32,6,2,5.49
119,32,15,1,3.29
120,32,24,2,6.99
121,33,2,1,8.49
122,33,9,2,9.90
123,33,18,2,2.49
124,33,27,1,4.29
125,34,4,1,18.90
126,34,11,2,2.79
127,34,19,1,14.90
128,35,5,2,6.99
129,35,8,1,3.99
130,35,13,2,9.99
131,35,28,1,8.99
132,36,3,3,4.79
133,36,16,1,17.90
134,36,21,2,3.49
135,37,1,1,28.90
136,37,10,2,6.49
137,37,17,1,5.99
138,37,23,2,8.90
139,38,7,2,5.89
140,38,12,1,12.90
141,38,20,2,15.90
142,39,2,2,8.49
143,39,6,1,5.49
144,39,14,2,4.49
145,39,26,1,7.49
146,40,4,2,18.90
147,40,9,1,9.90
148,40,15,2,3.29
149,40,30,1,7.90
150,41,5,1,6.99
151,41,11,2,2.79
152,41,18,1,2.49
153,42,1,2,28.90
154,42,8,1,3.99
155,42,13,2,9.99
156,42,22,1,9.49
157,43,3,2,4.79
158,43,7,1,5.89
159,43,16,2,17.90
160,43,24,1,6.99
161,44,2,1,8.49
162,44,10,2,6.49
163,44,17,2,5.99
164,45,4,2,18.90
165,45,12,1,12.90
166,45,19,2,14.90
167,45,25,3,2.99
168,45,29,1,9.90
169,46,6,1,5.49
170,46,14,2,4.49
171,46,21,2,3.49
172,47,1,1,28.90
173,47,5,2,6.99
174,47,9,1,9.90
175,47,20,2,15.90
176,48,8,2,3.99
177,48,13,1,9.99
178,49,3,2,4.79
179,49,16,1,17.90
180,50,4,2,18.90