ID,cliente ID,data venda,valor total
1,7,2025-07-03,84.70
2,12,2025-07-05,156.40
3,3,2025-07-08,42.90
4,18,2025-07-11,237.80
5,5,2025-07-14,98.50
6,14,2025-07-17,315.60
7,2,2025-07-20,67.90
8,9,2025-07-23,189.30
9,16,2025-07-26,53.40
10,1,2025-07-29,124.90
11,20,2025-08-01,276.50
12,6,2025-08-04,91.80
13,11,2025-08-07,148.70
14,4,2025-08-10,63.90
15,17,2025-08-13,204.60
16,8,2025-08-16,117.40
17,13,2025-08-19,352.90
18,19,2025-08-22,76.50
19,10,2025-08-25,165.80
20,15,2025-08-28,289.70
21,3,2025-09-01,57.90
22,7,2025-09-04,134.60
23,12,2025-09-07,218.30
24,5,2025-09-10,89.90
25,18,2025-09-13,427.50
26,2,2025-09-16,73.40
27,14,2025-09-19,196.80
28,9,2025-09-22,112.90
29,16,2025-09-25,305.70
30,1,2025-09-28,48.60
31,20,2025-10-02,178.40
32,6,2025-10-05,94.70
33,11,2025-10-08,267.90
34,4,2025-10-11,61.50
35,17,2025-10-14,389.80
36,8,2025-10-17,143.20
37,13,2025-10-20,229.90
38,19,2025-10-23,82.40
39,10,2025-10-26,154.70
40,15,2025-10-29,318.60
41,3,2025-11-02,71.80
42,7,2025-11-05,246.50
43,12,2025-11-08,137.90
44,5,2025-11-11,104.30
45,18,2025-11-14,512.70
46,2,2025-11-17,69.80
47,14,2025-11-20,283.40
48,9,2025-11-23,196.90
49,16,2025-11-26,341.60
50,1,2025-11-29,92.50